{
    "message": "Model trained successfully for hourly Bitcoin price prediction",
    "metrics": {
        "1_hour": {
            "train": {
                "mse": 1422402.7697549553,
                "rmse": 1192.6452824519768,
                "mae": 1020.3507840904036,
                "mape": 0.07414308168847421,
                "r2": 0.995005353635709,
                "directional_accuracy": 0.4883245700640599
            },
            "val": {
                "mse": 1997249.070474679,
                "rmse": 1413.240627237513,
                "mae": 1299.4564995429523,
                "mape": 0.03545550179701097,
                "r2": 0.9884732472416774,
                "directional_accuracy": 0.4800685812258894
            },
            "test": {
                "mse": 5745981.755763853,
                "rmse": 2397.0777533830337,
                "mae": 2138.9607262427685,
                "mape": 0.028739580096683575,
                "r2": 0.9768097912675987,
                "directional_accuracy": 0.48258866388085286
            }
        },
        "6_hour": {
            "train": {
                "mse": 1589553.7647261238,
                "rmse": 1260.7750650794628,
                "mae": 1031.4702962057966,
                "mape": 0.07514875982813196,
                "r2": 0.9944181290679096,
                "directional_accuracy": 0.49881753266135515
            },
            "val": {
                "mse": 2047420.411718292,
                "rmse": 1430.8809914588605,
                "mae": 1267.1419364419264,
                "mape": 0.034648501482123055,
                "r2": 0.9882058837452393,
                "directional_accuracy": 0.5098585512216031
            },
            "test": {
                "mse": 6434483.493799929,
                "rmse": 2536.628371243988,
                "mae": 2186.521117018427,
                "mape": 0.02905918728213282,
                "r2": 0.9740416222325119,
                "directional_accuracy": 0.49769634629808207
            }
        },
        "12_hour": {
            "train": {
                "mse": 1839845.504803009,
                "rmse": 1356.4090477444513,
                "mae": 1058.8864221074252,
                "mape": 0.07589783480632276,
                "r2": 0.9935387927464554,
                "directional_accuracy": 0.49537345303423413
            },
            "val": {
                "mse": 2214776.0575161045,
                "rmse": 1488.212369763168,
                "mae": 1274.4221052063244,
                "mape": 0.034864301983744427,
                "r2": 0.9872708995825988,
                "directional_accuracy": 0.4856408058294042
            },
            "test": {
                "mse": 7339771.828072908,
                "rmse": 2709.201326604006,
                "mae": 2273.882103649962,
                "mape": 0.029996244140585434,
                "r2": 0.9704084140307817,
                "directional_accuracy": 0.4942676524161577
            }
        },
        "24_hour": {
            "train": {
                "mse": 2263036.698966421,
                "rmse": 1504.3392898433588,
                "mae": 1127.1632959953,
                "mape": 0.0812546389630281,
                "r2": 0.9920515458534,
                "directional_accuracy": 0.501572796363052
            },
            "val": {
                "mse": 2334911.6384875616,
                "rmse": 1528.0417659499892,
                "mae": 1238.3883701733766,
                "mape": 0.03390220622919219,
                "r2": 0.98664416642716,
                "directional_accuracy": 0.5130732961851693
            },
            "test": {
                "mse": 8953862.284905415,
                "rmse": 2992.3005004353113,
                "mae": 2431.2455362284395,
                "mape": 0.03150499804371649,
                "r2": 0.9639606125344518,
                "directional_accuracy": 0.5043394406943105
            }
        }
    },
    "overfitting_ratios": {
        "train_to_val": 0.8439081494446292,
        "train_to_test": 0.4975413420648444
    },
    "history": {
        "loss": [
            0.059306394308805466,
            0.007396609988063574,
            0.005106355994939804,
            0.0038888338021934032,
            0.0029830564744770527,
            0.002307536080479622,
            0.0018590992549434304,
            0.0014659531880170107,
            0.0011512205237522721,
            0.0009637731127440929,
            0.000813067948911339,
            0.0007404580828733742,
            0.0006867400370538235,
            0.0006688134162686765,
            0.0006551808910444379,
            0.0006078893784433603,
            0.0006368365720845759,
            0.000661943107843399,
            0.0006761947297491133,
            0.0006376879755407572,
            0.0006197535549290478,
            0.0005845245323143899,
            0.0005670654936693609,
            0.0005681908805854619,
            0.0005658423178829253
        ],
        "val_loss": [
            0.012185715138912201,
            0.005859693977981806,
            0.0042039379477500916,
            0.003443704219534993,
            0.0035208091139793396,
            0.0028853907715529203,
            0.0033960344735533,
            0.0019457972375676036,
            0.0006668719579465687,
            0.00042909826152026653,
            0.000398117903387174,
            0.0005340296775102615,
            0.00066344253718853,
            0.00025242590345442295,
            0.00024398101959377527,
            0.0002623079053591937,
            0.00017050655151251704,
            0.00024399235553573817,
            0.0003133328864350915,
            0.0016706751193851233,
            0.00016662357666064054,
            0.00022747955517843366,
            0.00016619273810647428,
            0.00036093650851398706,
            0.0002666828513611108
        ]
    },
    "model_config": {
        "architecture": "Bidirectional LSTM + LSTM + GRU with regularization",
        "epochs": 25,
        "early_stopping": true,
        "batch_size": 32,
        "look_back_window": 48,
        "forecast_horizon": 24,
        "features": [
            "open",
            "high",
            "low",
            "close",
            "volume",
            "hour",
            "day_of_week",
            "price_change",
            "volatility",
            "ma_5",
            "ma_10",
            "ma_20",
            "rsi"
        ]
    }
}