{
    "message": "Model trained successfully for hourly Bitcoin price prediction",
    "metrics": {
        "1_hour": {
            "train": {
                "mse": 239172.81519906444,
                "rmse": 489.05297790634546,
                "mae": 372.2459414679577,
                "mape": 0.011628272869406528,
                "r2": 0.9987416097664475,
                "directional_accuracy": 0.4732491389207807
            },
            "val": {
                "mse": 426169.5168879261,
                "rmse": 652.8166027973906,
                "mae": 500.67112552909344,
                "mape": 0.008111031886602312,
                "r2": 0.9730357958571929,
                "directional_accuracy": 0.47095391211146836
            },
            "test": {
                "mse": 52619312.60481051,
                "rmse": 7253.917052517937,
                "mae": 6502.12602508303,
                "mape": 0.06822748902460908,
                "r2": 0.35141588530864687,
                "directional_accuracy": 0.4809258465495071
            }
        },
        "6_hour": {
            "train": {
                "mse": 497623.00962437625,
                "rmse": 705.4239928045943,
                "mae": 495.38491449875994,
                "mape": 0.0148525390248953,
                "r2": 0.9973815914244354,
                "directional_accuracy": 0.4995177956371986
            },
            "val": {
                "mse": 1009261.1115539954,
                "rmse": 1004.6198841123918,
                "mae": 762.6429086744535,
                "mape": 0.012340096681128067,
                "r2": 0.9361912622326489,
                "directional_accuracy": 0.49710610932475885
            },
            "test": {
                "mse": 50668109.490325406,
                "rmse": 7118.153516911911,
                "mae": 6334.026768869187,
                "mape": 0.06642003834810763,
                "r2": 0.37149956855023747,
                "directional_accuracy": 0.49335619374196316
            }
        },
        "12_hour": {
            "train": {
                "mse": 763572.7701518765,
                "rmse": 873.8265103279234,
                "mae": 593.4213548387559,
                "mape": 0.017671949600671578,
                "r2": 0.9959819766637319,
                "directional_accuracy": 0.5010332950631458
            },
            "val": {
                "mse": 1422632.9965466945,
                "rmse": 1192.7417979372965,
                "mae": 882.7836482332298,
                "mape": 0.014215550639942703,
                "r2": 0.9101166045681048,
                "directional_accuracy": 0.49989281886388
            },
            "test": {
                "mse": 58382432.337524265,
                "rmse": 7640.839766512858,
                "mae": 6848.835130437112,
                "mape": 0.07199923523726384,
                "r2": 0.2702891208681304,
                "directional_accuracy": 0.5038576939562794
            }
        },
        "24_hour": {
            "train": {
                "mse": 1367982.5066102727,
                "rmse": 1169.6078430868497,
                "mae": 791.4414302748007,
                "mape": 0.023248069631630165,
                "r2": 0.992801133291996,
                "directional_accuracy": 0.4989207807118255
            },
            "val": {
                "mse": 2502007.6029988048,
                "rmse": 1581.7735624920542,
                "mae": 1177.6590458235105,
                "mape": 0.0189760765678928,
                "r2": 0.8421990078222755,
                "directional_accuracy": 0.5001071811361201
            },
            "test": {
                "mse": 61624554.94386229,
                "rmse": 7850.130887052922,
                "mae": 7028.924733902936,
                "mape": 0.0739739178891778,
                "r2": 0.21812783643238565,
                "directional_accuracy": 0.5068581225889413
            }
        }
    },
    "overfitting_ratios": {
        "train_to_val": 0.7491429841255567,
        "train_to_test": 0.06741915772756021
    },
    "history": {
        "loss": [
            0.05742233619093895,
            0.008412458002567291,
            0.006148265674710274,
            0.0048075891099870205,
            0.003893214976415038,
            0.003150072181597352,
            0.0025963273365050554,
            0.0020907879807054996,
            0.0018016778631135821,
            0.0014792385045439005,
            0.001263955025933683,
            0.0010904851369559765,
            0.0010216153459623456,
            0.0008920207037590444,
            0.000853119301609695,
            0.000854736368637532,
            0.0007874254370108247,
            0.000808941200375557,
            0.0007862556958571076,
            0.000816656684037298,
            0.0007806419744156301,
            0.0008479988318867981,
            0.0007667961181141436,
            0.0008048060117289424,
            0.0007201503030955791
        ],
        "val_loss": [
            0.03624642267823219,
            0.008124164305627346,
            0.0055399066768586636,
            0.004005784634500742,
            0.00453946040943265,
            0.0037774108350276947,
            0.005383837036788464,
            0.001909921644255519,
            0.0024240040220320225,
            0.0008246645447798073,
            0.0005415654741227627,
            0.00042713660513982177,
            0.000403327721869573,
            0.0011123009026050568,
            0.0003421771980356425,
            0.0004330199444666505,
            0.00024043377197813243,
            0.0002500144182704389,
            0.0007562421378679574,
            0.0034099805634468794,
            0.0003492895921226591,
            0.0011865352280437946,
            0.0002650880778674036,
            0.0009092999389395118,
            0.0002674612042028457
        ]
    },
    "model_config": {
        "architecture": "Bidirectional LSTM + LSTM + GRU with regularization",
        "epochs": 25,
        "early_stopping": true,
        "batch_size": 32,
        "look_back_window": 48,
        "forecast_horizon": 24,
        "features": [
            "open",
            "high",
            "low",
            "close",
            "volume",
            "hour",
            "day_of_week",
            "price_change",
            "volatility",
            "ma_5",
            "ma_10",
            "ma_20",
            "rsi"
        ]
    }
}