{
    "message": "Model trained successfully for hourly Bitcoin price prediction",
    "metrics": {
        "1_hour": {
            "train": {
                "mse": 4598955.056732875,
                "rmse": 2144.5174414615694,
                "mae": 2016.7687330372858,
                "mape": 0.0655701906072898,
                "r2": 0.984636603345807,
                "directional_accuracy": 0.4860179342411159
            },
            "val": {
                "mse": 105475783.87727334,
                "rmse": 10270.140402023399,
                "mae": 7054.467431658789,
                "mape": 0.08059591645519112,
                "r2": 0.6045225459369516,
                "directional_accuracy": 0.47162790697674417
            },
            "test": {
                "mse": 220876743.76888764,
                "rmse": 14861.922613473926,
                "mae": 13651.20958485048,
                "mape": 0.14401192994598985,
                "r2": -3.09161126609318,
                "directional_accuracy": 0.48078115313081216
            }
        },
        "6_hour": {
            "train": {
                "mse": 1977155.5041452784,
                "rmse": 1406.113617082659,
                "mae": 1209.3546707811672,
                "mape": 0.035795537601208106,
                "r2": 0.993394169000326,
                "directional_accuracy": 0.5020923281301893
            },
            "val": {
                "mse": 88550313.10134773,
                "rmse": 9410.11759232305,
                "mae": 6297.238006916459,
                "mape": 0.07095486149406868,
                "r2": 0.6686617874811217,
                "directional_accuracy": 0.5023255813953489
            },
            "test": {
                "mse": 183382816.55651176,
                "rmse": 13541.891173558875,
                "mae": 12261.569674910908,
                "mape": 0.12894343261819555,
                "r2": -2.390080710777787,
                "directional_accuracy": 0.49876007439553627
            }
        },
        "12_hour": {
            "train": {
                "mse": 6706882.849039159,
                "rmse": 2589.765018112485,
                "mae": 2415.7506955750614,
                "mape": 0.07670425342319881,
                "r2": 0.9775879752143471,
                "directional_accuracy": 0.4926602457655264
            },
            "val": {
                "mse": 76112608.67865157,
                "rmse": 8724.254047117814,
                "mae": 6396.885484345939,
                "mape": 0.07544355951879908,
                "r2": 0.7159200517884285,
                "directional_accuracy": 0.4874418604651163
            },
            "test": {
                "mse": 148972053.78128654,
                "rmse": 12205.410840331699,
                "mae": 10941.059499922527,
                "mape": 0.11481083446127821,
                "r2": -1.746988211601428,
                "directional_accuracy": 0.4962802231866088
            }
        },
        "24_hour": {
            "train": {
                "mse": 2070222.602059912,
                "rmse": 1438.8268144776534,
                "mae": 1127.8621858447216,
                "mape": 0.03521062439511054,
                "r2": 0.9930809282456907,
                "directional_accuracy": 0.5104616406509466
            },
            "val": {
                "mse": 131494308.29242493,
                "rmse": 11467.096768250669,
                "mae": 7463.23194721598,
                "mape": 0.08194175761111276,
                "r2": 0.5113325330433987,
                "directional_accuracy": 0.5137984496124031
            },
            "test": {
                "mse": 278259573.81346047,
                "rmse": 16681.114285726253,
                "mae": 15526.36508289433,
                "mape": 0.16423280581774613,
                "r2": -4.098381726675593,
                "directional_accuracy": 0.49783013019218847
            }
        }
    },
    "overfitting_ratios": {
        "train_to_val": 0.20881091762280696,
        "train_to_test": 0.14429609797034837
    },
    "history": {
        "loss": [
            0.11130805313587189,
            0.011390659026801586,
            0.009188184514641762,
            0.0074662333354353905,
            0.006291914731264114,
            0.005573926959186792,
            0.004847524221986532,
            0.004228889476507902,
            0.0036071406211704016,
            0.003100360045209527
        ],
        "val_loss": [
            0.04677880182862282,
            0.021898478269577026,
            0.015287132933735847,
            0.016423393040895462,
            0.01284098718315363,
            0.013239513151347637,
            0.0173921138048172,
            0.013883964158594608,
            0.011783832684159279,
            0.007956483401358128
        ]
    },
    "model_config": {
        "architecture": "Bidirectional LSTM + LSTM + GRU with regularization",
        "epochs": 10,
        "early_stopping": true,
        "batch_size": 32,
        "look_back_window": 48,
        "forecast_horizon": 24,
        "features": [
            "open",
            "high",
            "low",
            "close",
            "volume",
            "hour",
            "day_of_week",
            "price_change",
            "volatility",
            "ma_5",
            "ma_10",
            "ma_20",
            "rsi"
        ]
    }
}