{
    "message": "Model trained successfully for hourly Bitcoin price prediction",
    "metrics": {
        "1_hour": {
            "train": {
                "mse": 519548.548797065,
                "rmse": 720.7971620345526,
                "mae": 611.6626340333828,
                "mape": 0.023595177026032622,
                "r2": 0.9972664333983007,
                "directional_accuracy": 0.4728817451205511
            },
            "val": {
                "mse": 228565.6894781102,
                "rmse": 478.08544160862107,
                "mae": 343.90548124062366,
                "mape": 0.005514291242236669,
                "r2": 0.9855384027554698,
                "directional_accuracy": 0.4679528403001072
            },
            "test": {
                "mse": 19013954.40083209,
                "rmse": 4360.499329300727,
                "mae": 3862.2954709931428,
                "mape": 0.040456683450749244,
                "r2": 0.7656345518143842,
                "directional_accuracy": 0.47921131590227173
            }
        },
        "6_hour": {
            "train": {
                "mse": 760269.1194022011,
                "rmse": 871.9341256093841,
                "mae": 707.2312382790977,
                "mape": 0.02559098976340312,
                "r2": 0.9959995917723291,
                "directional_accuracy": 0.5025028702640643
            },
            "val": {
                "mse": 741123.8585511679,
                "rmse": 860.8855083872465,
                "mae": 619.7994618985748,
                "mape": 0.009950453348910447,
                "r2": 0.9531437628954073,
                "directional_accuracy": 0.4872454448017149
            },
            "test": {
                "mse": 20964066.787355084,
                "rmse": 4578.653381438158,
                "mae": 4030.196084476109,
                "mape": 0.042328969221575904,
                "r2": 0.7399562534830686,
                "directional_accuracy": 0.4972138876982426
            }
        },
        "12_hour": {
            "train": {
                "mse": 1058248.746129367,
                "rmse": 1028.7121784684805,
                "mae": 802.5592390436291,
                "mape": 0.027753869957866686,
                "r2": 0.9944313517666712,
                "directional_accuracy": 0.5014466130884041
            },
            "val": {
                "mse": 1362307.9962810315,
                "rmse": 1167.179504738252,
                "mae": 853.5459020708315,
                "mape": 0.013700504476482443,
                "r2": 0.9139279992612335,
                "directional_accuracy": 0.4966773847802787
            },
            "test": {
                "mse": 23368378.562521417,
                "rmse": 4834.085080190606,
                "mae": 4242.369543804906,
                "mape": 0.044684427818078507,
                "r2": 0.7079230963492442,
                "directional_accuracy": 0.4957136733819117
            }
        },
        "24_hour": {
            "train": {
                "mse": 1720060.6760031215,
                "rmse": 1311.5108371657177,
                "mae": 989.9401043221324,
                "mape": 0.03300977084406931,
                "r2": 0.9909483582747647,
                "directional_accuracy": 0.497451205510907
            },
            "val": {
                "mse": 2514226.8203343544,
                "rmse": 1585.6313633169452,
                "mae": 1177.8841309807651,
                "mape": 0.01894014573169617,
                "r2": 0.8414283448487202,
                "directional_accuracy": 0.4930332261521972
            },
            "test": {
                "mse": 24155543.69509209,
                "rmse": 4914.828958884743,
                "mae": 4252.059189923933,
                "mape": 0.04491807602325791,
                "r2": 0.693522375484275,
                "directional_accuracy": 0.5115730818688384
            }
        }
    },
    "overfitting_ratios": {
        "train_to_val": 1.5076743596485094,
        "train_to_test": 0.1653015188400782
    },
    "history": {
        "loss": [
            0.08781938999891281,
            0.007512844633311033,
            0.004395064432173967,
            0.0034896412398666143,
            0.002818260109052062,
            0.0022996847983449697,
            0.0018305032281205058,
            0.0014858037466183305,
            0.0012836848618462682,
            0.0011537126265466213,
            0.0010274616070091724,
            0.0009976464789360762,
            0.0009245732217095792,
            0.0009352572378702462,
            0.0008978140540421009,
            0.000869538402184844,
            0.0008262492483481765,
            0.0007760903099551797,
            0.0007467112154699862,
            0.0007623196579515934,
            0.00075573252979666,
            0.000744581688195467,
            0.0007650479092262685,
            0.0007389641832560301,
            0.0006915088160894811,
            0.0007394371787086129,
            0.0006996447336860001,
            0.00068983796518296,
            0.0007273040828295052,
            0.0006903528119437397,
            0.0007150332676246762,
            0.0006754054338671267,
            0.0006862714653834701,
            0.0006761993863619864,
            0.0006545421783812344,
            0.0006714204209856689,
            0.0006432859809137881,
            0.0006640605279244483,
            0.0006371657364070415,
            0.0006531284307129681,
            0.0006355511141009629,
            0.0006378681282512844,
            0.0006640276405960321,
            0.0006172406719997525,
            0.0006484717596322298,
            0.0006215156172402203,
            0.0006385738961398602,
            0.000627078756224364,
            0.0006444199243560433,
            0.0006282701506279409
        ],
        "val_loss": [
            0.006891470402479172,
            0.004359855316579342,
            0.0031530330888926983,
            0.002415378810837865,
            0.0021939564030617476,
            0.0015764402924105525,
            0.001329455990344286,
            0.001280290656723082,
            0.001970163080841303,
            0.0005597331328317523,
            0.0008811972220428288,
            0.000521104084327817,
            0.00665215402841568,
            0.004196798894554377,
            0.0006357441307045519,
            0.0013094439636915922,
            0.001999675063416362,
            0.00035836375900544226,
            0.00018538707809057087,
            0.00017157294496428221,
            0.00032839091727510095,
            0.0005736503517255187,
            0.0003485956694930792,
            0.00019527004042174667,
            0.00015697613707743585,
            0.0010904524242505431,
            0.00014016781642567366,
            0.0002578362182248384,
            0.0002784858806990087,
            0.0001962083188118413,
            0.00021892093354836106,
            0.0003167398099321872,
            0.00018556509166955948,
            0.0001351108803646639,
            0.00016934185987338424,
            0.00013727396435569972,
            0.00019836373394355178,
            0.00013565296831075102,
            0.00022343979799188673,
            0.00031428138026967645,
            0.00013981640222482383,
            0.0002330862480448559,
            0.000160159106599167,
            0.00017324593500234187,
            0.00018790215835906565,
            0.0001311478845309466,
            0.00018840092525351793,
            0.00015739910304546356,
            0.0001791850954759866,
            0.00022597162751480937
        ]
    },
    "model_config": {
        "architecture": "Bidirectional LSTM + LSTM + GRU with regularization",
        "epochs": 50,
        "early_stopping": true,
        "batch_size": 32,
        "look_back_window": 48,
        "forecast_horizon": 24,