{
    "message": "Model trained successfully for hourly Bitcoin price prediction",
    "metrics": {
        "1_hour": {
            "train": {
                "mse": 1854544.9286496572,
                "rmse": 1361.8167749920167,
                "mae": 1238.3350278097882,
                "mape": 0.04757439141718478,
                "r2": 0.9902424478135003,
                "directional_accuracy": 0.47030998851894373
            },
            "val": {
                "mse": 299586.2981831113,
                "rmse": 547.3447708557297,
                "mae": 401.69979114203807,
                "mape": 0.0063617626512631285,
                "r2": 0.9810448523827159,
                "directional_accuracy": 0.4647374062165059
            },
            "test": {
                "mse": 160301209.11838356,
                "rmse": 12661.011378179215,
                "mae": 11484.877261691128,
                "mape": 0.12079372272055115,
                "r2": -0.9758680350091713,
                "directional_accuracy": 0.46313759108444064
            }
        },
        "6_hour": {
            "train": {
                "mse": 2117032.170240695,
                "rmse": 1455.0024639981525,
                "mae": 1310.7519979600538,
                "mape": 0.04899231452193637,
                "r2": 0.9888605328087849,
                "directional_accuracy": 0.49653272101033297
            },
            "val": {
                "mse": 789064.6119051067,
                "rmse": 888.2930889661963,
                "mae": 647.066624149432,
                "mape": 0.010341276500758771,
                "r2": 0.950112794076624,
                "directional_accuracy": 0.4904608788853162
            },
            "test": {
                "mse": 162203013.70368084,
                "rmse": 12735.8946958461,
                "mae": 11562.448567736234,
                "mape": 0.12163031129392597,
                "r2": -1.0120084431940475,
                "directional_accuracy": 0.4984997856836691
            }
        },
        "12_hour": {
            "train": {
                "mse": 2332003.8348808438,
                "rmse": 1527.0899891233796,
                "mae": 1353.8097003384607,
                "mape": 0.048870223823847224,
                "r2": 0.9877286799698815,
                "directional_accuracy": 0.5047072330654421
            },
            "val": {
                "mse": 1475903.3532553348,
                "rmse": 1214.867627873644,
                "mae": 912.8362616199635,
                "mape": 0.014563051208669152,
                "r2": 0.906750929409112,
                "directional_accuracy": 0.4928188638799571
            },
            "test": {
                "mse": 172415833.72209236,
                "rmse": 13130.720990185282,
                "mae": 11977.082238991858,
                "mape": 0.12613982776767313,
                "r2": -1.1549925990448626,
                "directional_accuracy": 0.4991427346763823
            }
        },
        "24_hour": {
            "train": {
                "mse": 3004819.698079898,
                "rmse": 1733.441576194565,
                "mae": 1487.1424824616984,
                "mape": 0.05243878388141021,
                "r2": 0.9841874465619724,
                "directional_accuracy": 0.4957979334098737
            },
            "val": {
                "mse": 2534270.087368214,
                "rmse": 1591.9390966265682,
                "mae": 1183.7283360011252,
                "mape": 0.019003122625892536,
                "r2": 0.8401642210224636,
                "directional_accuracy": 0.49346195069667736
            },
            "test": {
                "mse": 170710453.2899924,
                "rmse": 13065.621044940512,
                "mae": 11905.596211967002,
                "mape": 0.12531636481037373,
                "r2": -1.1659183028428233,
                "directional_accuracy": 0.505143591941706
            }
        }
    },
    "overfitting_ratios": {
        "train_to_val": 2.4880419938294565,
        "train_to_test": 0.10755987292919249
    },
    "history": {
        "loss": [
            0.08437672257423401,
            0.008805710822343826,
            0.0055393073707818985,
            0.004343884065747261,
            0.00336779304780066,
            0.002636686898767948,
            0.0020354879088699818,
            0.0016824188642203808,
            0.0013141334056854248,
            0.0011606026673689485,
            0.0010522304801270366,
            0.0010154788615182042,
            0.0009766563307493925,
            0.0009205983369611204,
            0.0008776777540333569,
            0.0008822689997032285,
            0.0008737707976251841,
            0.0008232404361478984,
            0.0008698340388946235,
            0.0008142839069478214,
            0.0007524170796386898,
            0.0007947624544613063,
            0.000765359029173851,
            0.0007523709209635854,
            0.0007893313886597753,
            0.0007239821134135127,
            0.0007656270754523575,
            0.0007365128258243203,
            0.0007230972987599671,
            0.0006789406761527061,
            0.0007087811827659607,
            0.0007168423035182059,
            0.0007060384377837181,
            0.0006816184613853693,
            0.0006617619073949754,
            0.0006686324486508965,
            0.0006356309750117362
        ],
        "val_loss": [
            0.008366265334188938,
            0.005720758810639381,
            0.004110759124159813,
            0.0036522848531603813,
            0.004714712034910917,
            0.0016525851096957922,
            0.0019623797852545977,
            0.005567334126681089,
            0.005548314657062292,
            0.000415912305470556,
            0.000576790829654783,
            0.0005374998436309397,
            0.0003157239407300949,
            0.00037893810076639056,
            0.001371275051496923,
            0.0018232029397040606,
            0.0007155778585001826,
            0.0005644545890390873,
            0.0004627085872925818,
            0.000520271307323128,
            0.00039763603126630187,
            0.00015132641419768333,
            0.0009929510997608304,
            0.00015600156621076167,
            0.00020102997950743884,
            0.0006567430100403726,
            0.00044226922909729183,
            0.0005398239009082317,
            0.0002086782769765705,
            0.0006310161552391946,
            0.0012040986912325025,
            0.00026928214356303215,
            0.0006402627914212644,
            0.000531424127984792,
            0.0003049597726203501,
            0.00016700965352356434,
            0.0001891299762064591
        ]
    },
    "model_config": {
        "architecture": "Bidirectional LSTM + LSTM + GRU with regularization",
        "epochs": 37,
        "early_stopping": true,
        "batch_size": 32,
        "look_back_window": 48,
        "forecast_horizon": 24,
        "features": [
            "open",
            "high",
            "low",
            "close",
            "volume",
            "hour",
            "day_of_week",
            "price_change",
            "volatility",
            "ma_5",
            "ma_10",
            "ma_20",
            "rsi"
        ]
    }
}