{"rmse": 464.8068804928598, "mape": 0.3868319912114164, "test_loss": 0.0005337086040526628, "training_date": "2025-05-04 18:57:09"}