{
    "message": "Model trained successfully for hourly Bitcoin price prediction",
    "metrics": {
        "1_hour": {
            "train": {
                "mse": 268793.66562734876,
                "rmse": 518.4531469933892,
                "mae": 428.57016633133935,
                "mape": 0.01583689330438496,
                "r2": 0.9985857618334062,
                "directional_accuracy": 0.45464982778415614
            },
            "val": {
                "mse": 254466.04939454194,
                "rmse": 504.4462799888031,
                "mae": 367.94085609328107,
                "mape": 0.005874627600067544,
                "r2": 0.9838996590995209,
                "directional_accuracy": 0.46109324758842446
            },
            "test": {
                "mse": 56381986.139125995,
                "rmse": 7508.793920405992,
                "mae": 6773.005816035462,
                "mape": 0.07117470771940168,
                "r2": 0.3050372809081119,
                "directional_accuracy": 0.47321045863694816
            }
        },
        "6_hour": {
            "train": {
                "mse": 495914.5004295513,
                "rmse": 704.2119712341954,
                "mae": 536.5851308080712,
                "mape": 0.01840069100782881,
                "r2": 0.9973905813124443,
                "directional_accuracy": 0.49960964408725606
            },
            "val": {
                "mse": 723860.0598485641,
                "rmse": 850.7996590552702,
                "mae": 612.9085048422095,
                "mape": 0.00980954569264494,
                "r2": 0.9542352358469278,
                "directional_accuracy": 0.4981779206859593
            },
            "test": {
                "mse": 58711861.67428614,
                "rmse": 7662.366584436309,
                "mae": 6904.236690191772,
                "mape": 0.07260410365892749,
                "r2": 0.27172277069951845,
                "directional_accuracy": 0.501071581654522
            }
        },
        "12_hour": {
            "train": {
                "mse": 798846.058229623,
                "rmse": 893.7818851541035,
                "mae": 653.5627094102308,
                "mape": 0.021629366245989365,
                "r2": 0.9957963638443865,
                "directional_accuracy": 0.49938002296211254
            },
            "val": {
                "mse": 1316312.5486461397,
                "rmse": 1147.306649787292,
                "mae": 836.2638209922845,
                "mape": 0.013374592617301452,
                "r2": 0.9168340382873699,
                "directional_accuracy": 0.4885316184351554
            },
            "test": {
                "mse": 62473200.05085956,
                "rmse": 7903.998991071518,
                "mae": 7130.355370286051,
                "mape": 0.07507229106745401,
                "r2": 0.21915939596793022,
                "directional_accuracy": 0.4914273467638234
            }
        },
        "24_hour": {
            "train": {
                "mse": 1379355.8934285296,
                "rmse": 1174.459830487416,
                "mae": 833.2000839944204,
                "mape": 0.026315755070939688,
                "r2": 0.9927412820180744,
                "directional_accuracy": 0.49694603903559126
            },
            "val": {
                "mse": 2375773.616916748,
                "rmse": 1541.3544747775406,
                "mae": 1133.8472970022503,
                "mape": 0.018210312797700908,
                "r2": 0.8501605536730644,
                "directional_accuracy": 0.5013933547695606
            },
            "test": {
                "mse": 63422343.01503939,
                "rmse": 7963.814602000689,
                "mae": 7152.025733005678,
                "mape": 0.07532270626353348,
                "r2": 0.19531809038021908,
                "directional_accuracy": 0.5015002143163309
            }
        }
    },
    "overfitting_ratios": {
        "train_to_val": 1.0277668159331,
        "train_to_test": 0.06904612811179095
    },
    "history": {
        "loss": [
            0.10271742194890976,
            0.011374254710972309,
            0.008864514529705048,
            0.007267652079463005,
            0.00613753404468298,
            0.0052575767040252686,
            0.004538483917713165,
            0.003942683804780245,
            0.0035145224537700415,
            0.003108818084001541,
            0.0028309535700827837,
            0.0024800857063382864,
            0.002150472952052951,
            0.0019317412516102195,
            0.0017351885326206684,
            0.0015294294571503997,
            0.0013365012127906084,
            0.001208159257657826,
            0.0011310713598504663,
            0.0009990223916247487,
            0.0009537750156596303,
            0.0008207174832932651,
            0.0007966344128362834,
            0.0007184427813626826,
            0.0006743251578882337,
            0.0006554771680384874,
            0.0006185671081766486,
            0.0006375989178195596,
            0.0006187641993165016,
            0.0005523105501197278,
            0.0006041874876245856,
            0.0006150290137156844,
            0.0005514647345989943,
            0.0005572121008299291,
            0.0005397321074269712,
            0.0005445329588837922,
            0.0005355195607990026,
            0.0005266416701488197,
            0.0005257893935777247,
            0.0005174704710952938,
            0.0005681582842953503,
            0.000536320498213172,
            0.0005067751626484096,
            0.0004957423661835492,
            0.0004781097813975066,
            0.0005032811313867569,
            0.0005078736576251686,
            0.0005070245242677629,
            0.0005007853615097702,
            0.0004931281437166035
        ],
        "val_loss": [
            0.06583495438098907,
            0.02862204797565937,
            0.011957976967096329,
            0.01196043100208044,
            0.007718701381236315,
            0.006108414381742477,
            0.004989950451999903,
            0.004034416750073433,
            0.0036484820302575827,
            0.004869932774454355,
            0.002737585920840502,
            0.004174374043941498,
            0.003668451216071844,
            0.002172265201807022,
            0.001863835845142603,
            0.002289885887876153,
            0.001183392247185111,
            0.0014502925332635641,
            0.0022932833526283503,
            0.0006477889255620539,
            0.0004397364391479641,
            0.0004313554090913385,
            0.00037418273859657347,
            0.0003826234315056354,
            0.0003052304673474282,
            0.0009230403229594231,
            0.0015066077467054129,
            0.00030212223646230996,
            0.00025526381796225905,
            0.0007611623150296509,
            0.0005671685794368386,
            0.001555254915729165,
            0.00020711691468022764,
            0.00025840880698524415,
            0.00028410012600943446,
            0.00020405858231242746,
            0.0002296339371241629,
            0.0002786584082059562,
            0.00022838343284092844,
            0.0002313548029633239,
            0.007348994724452496,
            0.0022005692590028048,
            0.0002294974256074056,
            0.00029972154879942536,
            0.0006506327190436423,
            0.0001531921443529427,
            0.00015188763791229576,
            0.00014989299234002829,
            0.00022577059280592948,
            0.0006549977115355432
        ]
    },
    "model_config": {
        "architecture": "Bidirectional LSTM + LSTM + GRU with regularization",
        "epochs": 50,
        "early_stopping": true,
        "batch_size": 32,
        "look_back_window": 48,
        "forecast_horizon": 24,